USE [BarukaLabDB]
GO
SET IDENTITY_INSERT [dbo].[ProductCategories] ON 

INSERT [dbo].[ProductCategories] ([CategoryId], [Category], [SubCategory]) VALUES (1, N'abbigliamento', N'scarpe')
INSERT [dbo].[ProductCategories] ([CategoryId], [Category], [SubCategory]) VALUES (2, N'abbigliamento', N'giacche')
INSERT [dbo].[ProductCategories] ([CategoryId], [Category], [SubCategory]) VALUES (3, N'accessori', N'portachiavi')
INSERT [dbo].[ProductCategories] ([CategoryId], [Category], [SubCategory]) VALUES (4, N'accessori', N'calzolaio')

SET IDENTITY_INSERT [dbo].[ProductCategories] OFF
GO
SET IDENTITY_INSERT [dbo].[Offers] ON 

INSERT [dbo].[Offers] ([OfferId], [Title], [Discount]) VALUES (1, N'black friday', 20)
INSERT [dbo].[Offers] ([OfferId], [Title], [Discount]) VALUES (2, N'christmas sale', 20)
INSERT [dbo].[Offers] ([OfferId], [Title], [Discount]) VALUES (3, N'back to school', 20)
INSERT [dbo].[Offers] ([OfferId], [Title], [Discount]) VALUES (4, N'crazy shopping sale', 20)

SET IDENTITY_INSERT [dbo].[Offers] OFF
GO
SET IDENTITY_INSERT [dbo].[Products] ON 

INSERT [dbo].[Products] ([ProductId], [Title], [Description], [CategoryId], [OfferId], [Price], [Quantity], [ImageName]) VALUES (1, N'Nike Air Force One Organizzazione Alba', N'Immagina ora le Nike Air Force 1 bianche, personalizzate con i temi di Itachi Uchiha e Pain. La base bianca delle scarpe crea un contrasto netto che mette in risalto i dettagli dei personaggi. Sulla scarpa destra, Itachi è raffigurato con il suo Sharingan attivato, con i suoi occhi rossi che risaltano contro il fondo bianco e accanto a lui, ci sono corvi neri stilizzati che lo rappresentano, espandendosi in modo elegante e aggressivo lungo la parte laterale della scarpa. Sulla scarpa sinistra, invece, è presente Pain con i suoi occhi Rinnegan viola. Attorno a lui il mantello Akatsuki con nuvole rosse integrando così il tema dell organizzazione Alba. Sul lato sinistro della scarpa destra ,sul simbolo Nike è raggigurato Itachi nella sua famosa posa accovacciata. Sul lato destro della scarpa sinistra il logo è personalizzato con le nuvole rosse del organizzazione Alba.', 1, 3, 150, 1, N'')
INSERT [dbo].[Products] ([ProductId], [Title], [Description], [CategoryId], [OfferId], [Price], [Quantity], [ImageName]) VALUES (2, N'Nike Dunk Low One Piece', N'Immagina un paio di Nike Dunk Low personalizzate con il tema di One Piece, dove i personaggi principali della ciurma dei Mugiwara decorano ogni dettaglio delle scarpe. La scarpa destra è dedicata a Monkey D. Luffy nella sua forma Gear 5. La base della scarpa è bianca, per riflettere il look etereo e quasi divino di questa trasformazione. Sul lato esterno, Luffy è raffigurato con i capelli bianchi mossi dal vento, il sorriso ampio e i suoi occhi con iridi nere su fondo bianco, dando un’impressione di pura energia. Attorno a lui, ci sono spirali e nuvole bianche e dorate che fluttuano, simboleggiando la sua nuova potenza. Il contrasto tra il bianco del Gear 5 e gli accenti dorati dona alla scarpa un look luminoso e vibrante, mentre i dettagli del suo vestito sfilacciato si fondono armoniosamente con la parte superiore della scarpa. La scarpa sinistra è riservata a Roronoa Zoro, il potente spadaccino. La base della scarpa è verde scuro, richiamando il suo tradizionale haramaki (fascia) verde, con dettagli che ricordano le sue spade. Zoro è raffigurato con una delle sue pose da battaglia, impugnando le sue tre spade, con lo sguardo determinato e feroce. Le lame delle spade brillano lungo il lato della scarpa, e dietro di lui c’è un’aura verde che rappresenta la sua tecnica "Santoryu". Piccoli dettagli, come le cicatrici sul suo petto e sull’occhio, sono ben visibili, aggiungendo profondità e intensità alla grafica.', 1, 2, 170, 1, N'')
INSERT [dbo].[Products] ([ProductId], [Title], [Description], [CategoryId], [OfferId], [Price], [Quantity], [ImageName]) VALUES (3, N'Nike Dunk MID Cavalieri dello Zodiaco', N'Immagina un paio di Nike Dunk Mid bianche ispirate ai Cavalieri dello Zodiaco, dove ogni dettaglio richiama i leggendari guerrieri e le loro armature dorate e argentate. Sia la scarpa destra che quella sinistra presentano sul lato esterno i cinque Cavalieri di Bronzo: Seiya (Pegaso), Shiryu (Dragone), Hyoga (Cigno), Shun (Andromeda), e Ikki (Fenice). Ogni Cavaliere è raffigurato con la sua iconica armatura, con dettagli brillanti in oro e argento che si fondono perfettamente sul fondo bianco delle scarpe. Il lato interno di entrambe le scarpe è dedicato a Pegasus, la costellazione e il simbolo del protagonista, Seiya. Qui, la figura di Pegaso è rappresentata in tutto il suo splendore, in un mix di bianco e argento che brilla contro la base bianca delle scarpe. Il cavallo alato è raffigurato in una posa dinamica, con le ali spalancate, come se stesse per spiccare il volo. Attorno a Pegaso, una serie di stelle argentate si diffonde lungo tutta la parte interna della scarpa, creando un effetto cosmico e luminoso.', 1, 3, 120 , 1, N'')
INSERT [dbo].[Products] ([ProductId], [Title], [Description], [CategoryId], [OfferId], [Price], [Quantity], [ImageName]) VALUES (4, N'Nike Dunk Low Luffy e Zoro', N'Immagina una Nike Dunk Low bianca personalizzata con dettagli ispirati a One Piece, focalizzandosi sugli sguardi intensi di Luffy e Zoro, e rendendo omaggio alle due iconiche navi dei Mugiwara la Thousand Sunny e la Going Merry. Nella scarpa destra, all interno dello swoosh, è raffigurato lo sguardo di Monkey D. Luffy. Nella scarpa sinistra, all interno dello swoosh, troviamo lo sguardo di Roronoa Zoro. Sul tallone della scarpa sinistra, invece, troviamo la faccia della leggendaria Going Merry, la prima nave dei Mugiwara. Sul tallone della scarpa destra, è raffigurata la faccia sorridente della Thousand Sunny, la nave attuale dei Mugiwara.', 1, 4, 180, 1, N'')
INSERT [dbo].[Products] ([ProductId], [Title], [Description], [CategoryId], [OfferId], [Price], [Quantity], [ImageName]) VALUES (5, N'Nike Air Force 1 Luffy e Ace', N'Immagina un paio di Nike Air Force One nere personalizzate con i fratelli Monkey D. Luffy e Portgas D. Ace come protagonisti. L’elegante base nera delle scarpe crea uno sfondo perfetto per i colori vivaci e i dettagli delle illustrazioni, rendendo queste scarpe un omaggio potente e dinamico ai due iconici personaggi di One Piece. Sulla scarpa sinistra, Monkey D. Luffy è raffigurato in una posa eroica. La scarpa destra è dedicata a Portgas D. Ace, il fratello di Luffy.', 1, 2, 140, 1, N'')
INSERT [dbo].[Products] ([ProductId], [Title], [Description], [CategoryId], [OfferId], [Price], [Quantity], [ImageName]) VALUES (6, N'Giacca Gear 5', N'Immagina una giacca bomber nera personalizzata con un design ispirato a One Piece, che mette in risalto Monkey D. Luffy in bianco sul retro, creando un contrasto elegante e audace. La giacca è un classico bomber nero, dal taglio moderno e leggermente oversize, realizzata in tessuto resistente e lucido, perfetta per un look casual ma allo stesso tempo sofisticato. Le finiture in maglia elastica sui polsini, sul colletto e in vita sono nere, conferendo un aspetto pulito e uniforme. Sul retro della giacca, troviamo una grande illustrazione stilizzata di Monkey D. Luffy completamente in bianco, un disegno monocromatico che risalta perfettamente contro il fondo nero.', 2, 2, 250, 1, N'')
INSERT [dbo].[Products] ([ProductId], [Title], [Description], [CategoryId], [OfferId], [Price], [Quantity], [ImageName]) VALUES (7, N'Giacca Tanjiro', N'Immagina una giacca bomber ispirata a Tanjiro Kamado di Demon Slayer, che combina l’eleganza del design moderno con i colori distintivi dell’uniforme del protagonista. La giacca è un bomber di alta qualità, realizzato in tessuto resistente ma leggero, con un aspetto lucido che conferisce un tocco sofisticato. La base del bomber è di un nero profondo, con dettagli che richiamano i colori dell uniforme di Tanjiro. Le finiture sui polsini, il colletto e il bordo in vita sono in maglia nera, mentre la chiusura a zip anteriore è elegante e minimalista. Questa giacca bomber celebra Tanjiro Kamado in modo elegante e dinamico, combinando la moda moderna con i colori iconici della sua uniforme. Il design è un perfetto equilibrio tra il tributo al personaggio e un look sofisticato e alla moda, ideale per i fan di Demon Slayer che vogliono esprimere la loro passione con stile.', 2, 2, 200, 1, N'')
INSERT [dbo].[Products] ([ProductId], [Title], [Description], [CategoryId], [OfferId], [Price], [Quantity], [ImageName]) VALUES (8, N'Giacca Hogwarts Legacy', N'Immagina una giacca bomber nera ispirata al mondo di Harry Potter, che combina eleganza e magia con dettagli che celebrano le quattro case di Hogwarts e il leggendario simbolo della saetta. La giacca è un bomber classico di alta qualità, realizzato in tessuto nero resistente ma leggero, con un aspetto elegante e moderno. Le finiture in maglia elastica sui polsini, sul colletto e in vita sono nere, mantenendo un look uniforme e sofisticato. La chiusura a zip anteriore è semplice e funzionale, con dettagli metallici argento che si abbinano bene al design complessivo. Sul retro della giacca, le quattro case di Hogwarts sono rappresentate in modo dettagliato e colorato. Sulla parte anteriore della giacca, a sinistra del petto, cè una grande saetta dorata , simile a quella del celebre Lightning Bolt di Harry Potter. La saetta è rappresentata in modo dinamico, con effetti di luce e ombra che le conferiscono un aspetto luminoso e vibrante. Questo simbolo è un chiaro richiamo alla cicatrice di Harry Potter, e aggiunge un tocco di magia e iconografia alla giacca.', 2, 4, 280, 1, N'')
INSERT [dbo].[Products] ([ProductId], [Title], [Description], [CategoryId], [OfferId], [Price], [Quantity], [ImageName]) VALUES (9, N'Giacca a vento Jujutsu', N'Immagina una giacca a vento nera ispirata a Jujutsu Kaisen, progettata per catturare l energia e lo stile della serie mentre mantiene un aspetto pratico e alla moda. La giacca è realizzata in tessuto nero impermeabile e traspirante, ideale per la protezione contro il vento e la pioggia, con un design elegante e moderno. Il taglio è leggermente oversized.', 2, 1, 180 , 1, N'')
INSERT [dbo].[Products] ([ProductId], [Title], [Description], [CategoryId], [OfferId], [Price], [Quantity], [ImageName]) VALUES (10, N'Giacca Roronoa Zoro', N'Immagina una giacca bomber nera che celebra Roronoa Zoro di One Piece con un design audace e distintivo, perfetto per i fan del cacciatore di pirati e della serie in generale. La giacca è un bomber classico di alta qualità, realizzato in tessuto nero resistente ma leggero, con un aspetto elegante e moderno. Le finiture in maglia elastica sui polsini, il colletto e il bordo in vita sono nere, mantenendo un look uniforme e sofisticato. Sul retro della giacca, Roronoa Zoro è rappresentato in bianco, creando un forte contrasto con il fondo nero. L illustrazione di Zoro è stilizzata ma dettagliata, con linee pulite e precise che esaltano il suo atteggiamento da guerriero. Sulla parte anteriore della giacca, sul lato sinistro del petto, ci sono le tre spade di Zoro raffigurate con dettagli e precisione. Le spade sono disposte in una posizione parallela, con il design che riflette la loro eleganza e forza. Le spade sono rappresentate in bianco, con dettagli sottili in argento per aggiungere profondità e realismo.', 2, 3, 260, 1, N'')
INSERT [dbo].[Products] ([ProductId], [Title], [Description], [CategoryId], [OfferId], [Price], [Quantity], [ImageName]) VALUES (11, N'Portachiavi Demon Slayer', N'mmagina dei portachiavi che celebra i quattro personaggi principali di Demon Slayer con un design elegante e dettagliato. Ogni portachiavi rappresenta uno dei protagonisti della serie, offrendo un modo pratico e stiloso per mostrare la tua passione per la serie. I portachiavi è composto da quattro charm distinti, ognuno raffigurante uno dei principali personaggi di Demon Slayer: Tanjiro Kamado, Nezuko Kamado, Zenitsu Agatsuma, e Inosuke Hashibira. Ogni charm è realizzato in materiale resistente, come metallo smaltato di alta qualità, con dettagli ricercati e colori vivaci. Gli charm sono fissati a un anello portachiavi robusto e pratico, con un elegante moschettone che permette di attaccarli facilmente a borse, zaini, o chiavi. I portachiavi con i quattro personaggi principali di Demon Slayer è un accessorio versatile e affascinante, perfetto per i fan della serie che vogliono portare con sé una parte del loro anime preferito ovunque vadano. Con i dettagli accurati e i colori vivaci, è un oggetto da collezione che celebra i protagonisti della serie con stile.', 3, 2, 5, 10, N'')
INSERT [dbo].[Products] ([ProductId], [Title], [Description], [CategoryId], [OfferId], [Price], [Quantity], [ImageName]) VALUES (12, N'Portachiavi in stoffa Jujutsu Kaisen', N'Immagina un portachiavi in stoffa ispirato a Jujutsu Kaisen, progettato per essere elegante e pratico, con dettagli che richiamano l’estetica della serie e i suoi personaggi iconici. Il portachiavi è realizzato in tessuto di alta qualità, resistente e duraturo, con una texture morbida ma robusta. Il design è pensato per essere sia pratico che stiloso, con un anello robusto per le chiavi e un elegante moschettone che permette di attaccarlo facilmente a borse, zaini, o altri accessori. Il portachiavi è disponibile in una forma rettangolare o rotonda, a seconda delle preferenze di design. Il portachiavi in stoffa di Jujutsu Kaisen è un accessorio pratico e stiloso, perfetto per i fan che vogliono portare con sé un pezzo del loro anime preferito. Con una stampa vivace e dettagliata dei personaggi principali e un design resistente e di alta qualità, questo portachiavi è un must-have per chi ama la serie e desidera un accessorio che unisce funzionalità e passione per Jujutsu Kaisen.', 3, 4, 8, 10, N'')
INSERT [dbo].[Products] ([ProductId], [Title], [Description], [CategoryId], [OfferId], [Price], [Quantity], [ImageName]) VALUES (13, N'Portachiavi in stoffa Monkey D.Luffy', N'Immagina un portachiavi in stoffa ispirato a Monkey D. Luffy di One Piece, progettato per essere un accessorio pratico e accattivante, perfetto per i fan del capitano dei Mugiwara. Il portachiavi è realizzato in tessuto di alta qualità, resistente e morbido al tatto, con una struttura robusta che lo rende ideale per l uso quotidiano. La forma del portachiavi può essere rettangolare o circolare, con un design elegante e compatto. L’anello portachiavi è robusto e il moschettone permette di attaccarlo facilmente a borse, zaini o chiavi. Il portachiavi in stoffa dedicato a Luffy è un accessorio pratico e stiloso che celebra il capitano dei Mugiwara con un design vivace e ben curato. Con la sua illustrazione dettagliata e i colori brillanti, è un oggetto ideale per chi desidera portare un pezzo del mondo di One Piece con sé ovunque vada.', 3, 2, 6, 10, N'')
INSERT [dbo].[Products] ([ProductId], [Title], [Description], [CategoryId], [OfferId], [Price], [Quantity], [ImageName]) VALUES (14, N'Portachiavi in metallo Animal Demon Slayer', N'Immagina un portachiavi in metallo ispirato a Demon Slayer, progettato per essere un accessorio elegante e resistente che celebra l universo della serie con dettagli di alta qualità. Il portachiavi in metallo di Demon Slayer è un accessorio elegante e resistente, perfetto per i fan che desiderano mostrare la loro passione per la serie con uno stile sofisticato. Con dettagli accurati e un design di alta qualità, è un oggetto ideale per aggiungere un tocco di magia e avventura alla vita quotidiana.', 3, 1, 8, 120, N'')
INSERT [dbo].[Products] ([ProductId], [Title], [Description], [CategoryId], [OfferId], [Price], [Quantity], [ImageName]) VALUES (15, N'Portachiavi in metallo One Piece Cap', N'Immagina un portachiavi in metallo che celebra i cappelli iconici di One Piece, progettato per essere un accessorio elegante e distintivo per i fan della serie. Questo portachiavi rende omaggio ai cappelli che rappresentano i personaggi principali e i loro legami con la serie. Il portachiavi è realizzato in metallo di alta qualità, come acciaio inox , con una finitura  opaca per esaltare i dettagli. È robusto e duraturo, perfetto per l uso quotidiano. Il portachiavi è dotato di un anello solido per le chiavi e un moschettone elegante che facilita l attacco a borse, zaini o altri accessori. Il portachiavi in metallo con i cappelli iconici di One Piece è un accessorio elegante e distintivo, perfetto per i fan che vogliono mostrare il loro amore per la serie con stile. Con i dettagli accurati e la qualità dei materiali, è un oggetto da collezione che celebra i cappelli emblematici dei personaggi principali della serie.', 3, 3, 12, 10, N'')
INSERT [dbo].[Products] ([ProductId], [Title], [Description], [CategoryId], [OfferId], [Price], [Quantity], [ImageName]) VALUES (16, N'Spazzole RossHaar', N'Le spazzole da calzolaio sono strumenti utilizzati nella manutenzione e pulizia delle scarpe e degli stivali. Esistono diversi tipi di spazzole da calzolaio, ognuna progettata per uno scopo specifico. Spazzola per Lucido: Questa spazzola ha setole morbide e viene utilizzata per applicare e distribuire il lucido sulla superficie delle scarpe. Le setole possono essere realizzate in nylon o in setole di animale. Spazzola per Pulizia Generale: Di solito ha setole più dure e viene utilizzata per rimuovere sporco e polvere dalle scarpe. È particolarmente utile per le scarpe in pelle o camoscio. Spazzola per Camoscio: Dotata di setole specifiche o di una superficie in gomma a rilievi, questa spazzola è progettata per pulire e mantenere le scarpe in camoscio senza danneggiarle. Spazzola per Scarpe a Due Teste: Questa spazzola ha due lati con setole di diverse durezze e viene utilizzata per pulire e lucidare le scarpe in pelle. Un lato può essere utilizzato per la pulizia, mentre l’altro per l’applicazione del lucido. Spazzola per Taloni e Suole: Spazzole più piccole con setole più dure progettate per pulire le suole e i taloni delle scarpe, rimuovendo detriti e sporcizia accumulati.', 4, 3, 25, 5, N'')
INSERT [dbo].[Products] ([ProductId], [Title], [Description], [CategoryId], [OfferId], [Price], [Quantity], [ImageName]) VALUES (17, N'Colorante Kaps Super Color', N'Un colorante di alta qualità per pelle naturale, ecopelle e tessuto. Usalo su scarpe, borse e altri accessori in pelle. Perfetto per fissare e riparare danni alla pelle come abrasioni e graffi su scarpe e accessori in pelle. Può essere utilizzato anche per tingere le scarpe. Colorante forte che ripristina il colore in modo permanente. Attendi 24 ore affinché la tintura si asciughi. Viene fornito con un comodo pennello e un applicatore in spugna. Prodotto in Europa da un azienda a conduzione familiare con decenni di esperienza nella cura delle scarpe e nella lavorazione della pelle. 1 flacone contiene 25 ml (0,85 fl oz) di colorante. Scegli la tua tonalità preferita dalla nostra gamma di colori. Vedere la descrizione del prodotto per le istruzioni su come utilizzare.', 4, 2, 12, 20, N'')
INSERT [dbo].[Products] ([ProductId], [Title], [Description], [CategoryId], [OfferId], [Price], [Quantity], [ImageName]) VALUES (18, N'Lacci Corda Hugwish', N' I lacci intrecciati conferiscono ai tuoi Air Force 1 e altre sneakers simili un look pop che non passa inosservato. Sono progettati in modo tale che non possano essere facilmente forati. con una lunghezza di 140 cm, questi lacci sono perfetti per Air Force 1 a 6 o 8 occhielli di taglia adulta (senza stile di stivali). Non è necessario tagliare la lunghezza in eccesso: basta lasciare un nodo o riporre il laccio rimanente come si desidera.  Lacci fatti a mano in filato di cotone resistente e morbido. Flessibili e confortevoli, questi lacci spessi e intrecciati (lacci) esaltano le tue scarpe in modo fresco e alla moda. Questi lacci ti aiutano a sfruttare appieno il potenziale delle tue scarpe di fascia alta e ti offrono la possibilità di personalizzarli.', 4, 1, 10, 20, N'')
INSERT [dbo].[Products] ([ProductId], [Title], [Description], [CategoryId], [OfferId], [Price], [Quantity], [ImageName]) VALUES (19, N'Shoozas Kit per la pulizia delle scarpe', N'Prova la cura delle scarpe con il nostro potente kit da 2 pezzi. Ideale per la pulizia essenziale di tutti i tipi di scarpe e materiali. Il nostro detergente liquido penetra facilmente in profondità nelle fibre del tessuto, rimuovendo efficacemente sporco e sporcizia per mantenere le scarpe fresche. Solo gli essenziali: include un detergente liquido premium da 3,4 once e una scarpa multiuso. Solo gli elementi essenziali per una pulizia facile, efficace e senza stress. Sicuro per tutti i materiali: ideale per tela, cotone, maglia, rete. Sicuro anche su pelle, nylon, plastica, gomma, vinile e tutti i colori. Per camoscio e nabuk optate per un lavaggio a secco utilizzando il nostro kit scamosciato specializzato. Formula atossica: il nostro detergente liquido è realizzato con derivati dell olio di cocco e garantisce una pulizia sicura e delicata sulla pelle sia per le scarpe che per te. Efficace kit di pulizia per scarpe bianco.', 4, 4, 14, 10, N'')
INSERT [dbo].[Products] ([ProductId], [Title], [Description], [CategoryId], [OfferId], [Price], [Quantity], [ImageName]) VALUES (20, N'Knixmax Donna Uomo Solette in Memory Foam', N'Le solette in memory foam Knixmax assorbono efficacemente i micro urti e aiutano a ridurre l eccessiva pressione del camminare e delle attività quotidiane. Ti aiuta enormemente quando lavori o stare in piedi tutto il giorno poiché la memory foam assorbe la pressione sulle tue gambe,riducendo lo sforzo delle articolazioni. La superficie è realizzata in tessuto con struttura a rete che assorbe il sudore, traspirante e antiscivolo, con una buona funzione di assorbimento del sudore e traspirante. Assicura che i tuoi piedi non scivolino avanti e indietro mantenendo i tuoi piedi freschi, asciutti e comodi. Progettato per l uso quotidiano, adatto per ogni stagione.I nostri plantari si adattano alla maggior parte delle scarpe come scarpe da corsa,scarpe casual,scarpe da trekking,scarpe da lavoro,stivali e così via.', 4, 2, 10, 10, N'')
SET IDENTITY_INSERT [dbo].[Products] OFF
GO
SET IDENTITY_INSERT [dbo].[PaymentMethods] ON 

INSERT [dbo].[PaymentMethods] ([PaymentMethodId], [Type], [Provider], [Available], [Reason]) VALUES (1, N'Cash', N'', N'True', N'')
INSERT [dbo].[PaymentMethods] ([PaymentMethodId], [Type], [Provider], [Available], [Reason]) VALUES (2, N'Card Payment', N'Bank', N'True', N'')
INSERT [dbo].[PaymentMethods] ([PaymentMethodId], [Type], [Provider], [Available], [Reason]) VALUES (6, N'UPI', N'Google Pay', N'True', N'')

SET IDENTITY_INSERT [dbo].[PaymentMethods] OFF
GO